Query,Image URL
Good Mama GESH1,https://www.bellanaija.com/wp-content/uploads/2023/05/Good-Mama-x-Mercy-Johnson-I-1000x600.jpg
Redisson CT23P 2.3L Electric Kettle,https://media.takealot.com/covers_images/aa7d7feb322844659b2d61f3a336ce7b/s-zoom.file
Condere 15 PCS pots,"https://img.bobshop.co.za/image/upload/f_auto,q_auto:eco,d_notfound.png/user_images/072/4467072/200915154348_T12-10-15%20Piece%20Stainless%20Pot%20Set%20CDH-001.jpg"
RUBBER HAMMER,https://m.media-amazon.com/images/I/51DPyL6G4rL.jpg
HDMI HDMI (20M),https://down-id.img.susercontent.com/file/id-11134207-7qul2-licrhoghmxeed6
SUNNY SN-1800,"https://img.bidorbuy.co.za/image/upload/f_auto,q_auto:eco/user_images/112/2168112/170522073345_IMG_4692.jpg"
"THUMB GRIPS FOR PS4, XBOX ONE",https://m.media-amazon.com/images/I/81xPVRIZMIL._AC_.jpg
Defy DMO 392,https://bawasfurn.com/cdn/shop/files/DMO392.jpg?v=1704273498&width=1445
Canon EOS 4000D,https://cdn.shopify.com/s/files/1/0327/9585/2937/files/Canon-EOS-4000D.jpg?v=1742388062
Skyworth SS586,https://img.kilimall.com/c/obs/seller/100008865/goods_image/251020102947_c8058cc2fe49fc81820b3d18cc236dad.jpg
Samsung Galaxy Z Flip4 Simpsons Ring Insert,https://image.ceneostatic.pl/data/products/142499006/i-samsung-ring-insert-do-galaxy-z-flip4-simpsons-gp-xvf721hodpw.jpg
Lexuco LX1101 1.7L Kettle,https://www.geewiz.co.za/268501-large_default/kettle-lx1101-black-17lcordednot-cordless.jpg
SINOTEC STL-58U20UM,"https://res.cloudinary.com/cash-crusaders/image/upload/f_auto,fl_lossy,h_1000,q_auto,w_1000/v1624268627/SecondHand/stl-65u20um_1_1_1_yiex4w"
Aruif Portable gas stove,https://www.zsmerch.co.za/cdn/shop/files/2_47d70203-9107-411a-8f78-32a5d29dc25e.jpg?v=1727213855&width=1445
Dust pan Dust pan set,https://www.caterclean.com/product/long-handled-lobby-dust-pan-and-brush-set-blue/LDPSET_Coloured.jpg
Aruif 2 plate stove,http://moosasmegastore.co.za/cdn/shop/files/0a71830cb595994cf48b67d0af24c057.jpg?v=1716383650
Condere LX3008 Kettle,https://saliquidation.com/cdn/shop/files/1699428237284.jpg?v=1699428310&width=550
Dinner plates Dinner plate,https://cb.scene7.com/is/image/Crate/EssentialDinnerPlt10p5inS8SSS20/$web_plp_card_hires$/240201084535/essential-dinner-plates-set-of-eight.jpg
Sports Bass d21 earphones,https://img.drz.lazcdn.com/static/lk/p/407c133ff3b9b75d4ae19b174d88f7e7.jpg_720x720q80.jpg
HARWA PK-S1401,https://conderedistributors.co.za/wp-content/uploads/2024/09/cgi-bin_mmwebwx-bin_webwxgetmsgimg__MsgID6843577552064915898skey@crypt_8f815ad4_a3dd731df3dd4044e8b74990f596e713mmweb_appidwx_webfilehelper-768x922.jpeg
Mobile Phone Portable KTV mc873,https://down-ph.img.susercontent.com/file/sg-11134201-23010-k8exkzypwylv5a
THUMBSTICK 2 IN 1,https://m.media-amazon.com/images/I/61GzBrPymAL._AC_SL1500_.jpg
HARWA PK-1001,https://conderedistributors.co.za/wp-content/uploads/2024/09/cgi-bin_mmwebwx-bin_webwxgetmsgimg__MsgID4061832315403646649skey@crypt_8f815ad4_a3dd731df3dd4044e8b74990f596e713mmweb_appidwx_webfilehelper.jpeg
CONDERE 15 PIECE COOKWARE SET,"https://img.bobshop.co.za/image/upload/f_auto,q_auto:eco,d_notfound.png/user_images/072/4467072/200915154348_T12-10-15%20Piece%20Stainless%20Pot%20Set%20CDH-001.jpg"
STORAGE RACK STORAGE RACK,https://i5.walmartimages.com/seo/Storage-Shelves-Heavy-Duty-Garage-Shelving-Unit-2000Lbs-5-Tier-Adjustable-Metal-Storage-Rack-for-Basement-Pantry-36-W-x-72-H-x-18-D-Black_39bfb225-06b5-4bb8-ba95-9922795ecf5a.8e48c897253936d29c7f40a05b78f906.jpeg?odnHeight=424&odnWidth=424&odnBg=FFFFFF
Condere EL3277,https://www.geewiz.co.za/763352-large_default/iron-1400w-condere-el-3277steam.jpg
Camping chair Camping chair,https://m.media-amazon.com/images/I/71yKWtqHaSL._AC_SL1500_.jpg
Defy DAC449,https://www.lvb.co.za/cdn/shop/products/DAC449.jpg?v=1683717070&width=1305
Skyworth SRD358DBD,https://media.karousell.com/media/photos/products/2023/5/19/43__skyworth_2023_tv_43sue7500_1684481293_df57d17f
Hisense H36MOMMI,https://www.ncwsa.co.za/wp-content/uploads/2024/10/hius.jpeg
LG SQC1,https://m.media-amazon.com/images/I/61QNQHdIrLL._AC_SL1280_.jpg
Gas pipe Pipe and regulator,https://5.imimg.com/data5/EE/II/MY-46342583/gas-regulator-with-pipe-500x500.jpg
Top cooker Gas top cooker,https://m.media-amazon.com/images/I/61NUbhAy1JL._AC_SL1500_.jpg
Canon Canon EOS 2000D,https://www.dlkphoto.co.uk/images/eos-2000d-18-55-dc-iii-lens-kit-p1102-5628_image.jpg
Nintendo Nintendo Oled,"https://assets.nintendo.com/image/upload/c_fill,w_1200/q_auto:best/f_auto/dpr_2.0/ncom/en_US/products/hardware/nintendo-switch-oled-model-white-set/115461-switch-oled-white-boxart-1200x675"
Skyworth SS330,https://www.xyz.co.za/Images/SS330-header-1.jpg
Redragon GM100,https://media.s-bol.com/NE3Q6PPw4oQp/Nx2q0Yp/1200x1170.jpg
Samsung UA32N5003BR,"https://res.cloudinary.com/cash-crusaders/image/upload/f_auto,fl_lossy,h_1000,q_auto,w_1000/v1608707647/SecondHand/32c52390e08466e260bfc35b76c592a3_koqkke"
Cashies Card Cashies Card,https://media.cashconverters.co.za/wp-content/uploads/2023/02/cash-converters-cashies-card-1.jpg
Cashies card Cashies card,https://media.cashconverters.co.za/wp-content/uploads/2023/02/cash-converters-cashies-card-1.jpg
Glass bowl Fruit bowl,https://5.imimg.com/data5/SELLER/Default/2024/8/440681787/FK/FV/RX/226068051/glass-fruit-bowl-1000x1000.jpg
Bowl Bowl,https://i.pinimg.com/originals/61/d0/52/61d0525e6197ac32cc724c651463418c.webp
Portable Electric Fridge,https://m.media-amazon.com/images/I/71+Qtma-GcL._AC_SL1500_.jpg
Multi Functional Storage rack,https://primeoz.com/wp-content/uploads/2024/07/1721783082530.webp
DOUBLESHOCK 4 WIRELESS CONTROLLER,https://pisces.bbystatic.com/image2/BestBuy_US/images/products/6200/6200232_sd.jpg
PIONEER ROBOT BOT OCTAPUS,https://down-id.img.susercontent.com/file/b7c6cc51fa3eb3b9e2576f3732834c1b
AERBES INTELLIGENT WIRELESS INFLATION PUMP,https://superelectronics.co.za/wp-content/uploads/2024/02/wge4.jpg
SMART LIFE 3 IN 1 SPIRALISER,https://clicks.co.za/medias/?context=bWFzdGVyfHByb2R1Y3QtaW1hZ2VzfDUxNzYzfGltYWdlL2pwZWd8cHJvZHVjdC1pbWFnZXMvaDk2L2g5Ny85NDI5NjM0Mjg1NTk4LmpwZ3xjNzgyM2ZkZDlmYjA4NDQ1ZWU3ZGQzOTg4NmI1NWU1NmQ1YzJlOTJlNGQ5Mjk3YTZkMjgwNGNjN2NhMWMyMTk2
WIRED CONTROLLER FOR HATSUNE MIKU,https://www.gadgetcandy.co.za/cdn/shop/files/61cc118b187b0.jpg?v=1756460645&width=600
GOOD MAMA GES-K1,https://www.bellanaija.com/wp-content/uploads/2023/05/Good-Mama-x-Mercy-Johnson-I-1000x600.jpg
HARWA PK-S1408,https://conderedistributors.co.za/wp-content/uploads/2024/09/cgi-bin_mmwebwx-bin_webwxgetmsgimg__MsgID4061832315403646649skey@crypt_8f815ad4_a3dd731df3dd4044e8b74990f596e713mmweb_appidwx_webfilehelper.jpeg
CAMPINIG CHAIR CAMPING CHAIR,https://m.media-amazon.com/images/I/71yKWtqHaSL._AC_SL1500_.jpg
CONDERE FU-024,https://conderedistributors.co.za/wp-content/uploads/2024/09/cgi-bin_mmwebwx-bin_webwxgetmsgimg__MsgID2228690886217346171skey@crypt_8f815ad4_d6e935697302bca3eec467067437c387mmweb_appidwx_webfilehelper.jpeg
SUNSIGN POWER INVERTER 1000W,https://down-id.img.susercontent.com/file/c249628f663494ff8d6892bf6f567d2d
Cashies cards Cashies Card,https://media.cashconverters.co.za/wp-content/uploads/2023/02/cash-converters-cashies-card-1.jpg
1.8 M Bookshelf 1.8 M Bookshelf,https://designingidea.com/wp-content/uploads/2022/08/Bookshelf-width-sizes.jpg
1.2 M Bookshelf 1.2M Book Shlef,https://hipvan-images-production.imgix.net/product-images/a9cee7ae-d0f8-4503-b02d-d27061c6ac68/Andy-by-HipVan--Andy-4-tier-Bookshelf-1-2m-9.png?auto=format%2Ccompress&fm=jpg&cs=srgb&ar=1:1&bg=fff&fit=fill&w=650&ixlib=react-9.5.4
Redragon RDH350RGB1,https://m.media-amazon.com/images/I/71KcT66ENcL.jpg
Redragon H510W-RGB,https://center7.com.pe/wp-content/uploads/2023/08/audifono-redragon-zeus-x-h510w-white-rgb-con-microfono-71-virtual-usb-.jpg
Morphy Richards Evoke Jug,https://jharries.co.uk/images/product_image/1fab2cd2-be8e-4525-bbeb-4f224cc2673c.jpg
Morphy Richards Jug kettle white,https://www.morphyrichards.co.uk/cdn/shop/files/MorphyRichards_Signature1.5LJugKettle_KT100744C_Lifestyle_1_2d34ce4c-d39b-4c73-89b4-56dbc46a2f13.jpg?v=1746170573&width=1800
Sinotec STL-39VN88E,"https://res.cloudinary.com/cash-crusaders/image/upload/f_auto,fl_lossy,h_1000,q_auto,w_1000/v1627551986/SecondHand/STL_39VN88E_a7e8_ochkxf"
Ruwag Standard sanding belt,"https://res.cloudinary.com/agrimark/image/upload/c_pad,h_570,w_570/v1/uploads/assets/648448-1-a-Ruwag-Sanding-Belt-75x610-p80-p-3-550442.png?_a=AAAH2AI"
Condere LX-3007,https://saliquidation.com/cdn/shop/files/1699427756163.jpg?v=1699427840&width=1445
BABY MONITOR 720p,https://m.media-amazon.com/images/I/61IRgmlVY9L._AC_SL1500_.jpg
FACIAL GUN MASSAGE,https://5.imimg.com/data5/SELLER/Default/2025/12/566032893/HE/HV/HP/257449572/facial-massage-gun-1000x1000.jpeg
HD 2.0 V PREMIUM,https://trucksbuses.com/uploads/21509_5f31b15576004e598a148321c7c0d597Mahindra-bolero-maxx-hd-pickup-2.0-LX.jpg
AUTOMATIC WATER DISPENSER,https://m.media-amazon.com/images/I/81W6y80w2FL._AC_SL1500_.jpg
AORLIS AO-78135 (ELECTRIC WINE OPENER),https://media.takealot.com/covers_images/147a32380d4f4223ab0cc5c63ae339de/s-zoom.file
STYLING COMB STRAIGHT HAIR CURLS,"https://img.bidorbuy.co.za/image/upload/f_auto,q_auto:eco/user_images/981/5196981/240201173527_820762575609576696.jpg"
N-1 WIRELESS CONTROLLER (xBOX),https://blossomzones.com/wp-content/uploads/2020/08/N-1-Wireless.jpg
STORAGE SHOE RACK,https://i5.walmartimages.com/asr/fb7754b6-43cd-42e8-b4d0-2c204e56e957_1.877e0d73cdde57a11f6a7422db5228f9.jpeg
REDISSON CT23P,https://www.makro.co.za/asset/rukmini/fccp/300/300/ng-fkpublic-ui-user-fbbe/electric-kettle/r/f/h/redisson-original-imahbbhndmhuv6f6.jpeg
HARWA PK-3010,https://saliquidation.com/cdn/shop/files/1699427994642.jpg?v=1699428028&width=1445
HIGH GRADE CAMPING TENT,https://s.alicdn.com/@sc04/kf/H2d4c85085f544dd8bc78339a9d288d53U.jpg_720x720q50.jpg
DIGIMARK DGM-KF67,https://media.cashconverters.co.za/wp-content/uploads/2025/11/WAEC002933-2706259-1.webp
MULTIFUNCTION MOPING MACHINE (XM001-A),https://superelectronics.co.za/wp-content/uploads/2025/08/61yRhDFdAcL._AC_SL1500_.jpg
BAIHUO DOPPLER FETAL (MY-7423),https://superelectronics.co.za/wp-content/uploads/2025/02/WhatsApp-Image-2025-02-11-at-11.39-Photoroom-16.jpg
XTRIKE GM-216,https://www.tunisianet.com.tn/188755-large/souris-gaming-xtrike-me-gm-216.jpg
Sony PS 4,https://pisces.bbystatic.com/image2/BestBuy_US/images/products/5850/5850905cv13d.jpg
Condere Fire place 1850w,https://britelighting.co.za/cdn/shop/files/ZR-8003_1200x1200.webp?v=1748010933
Condere Quartz 2000w,"https://img.bobshop.co.za/f_auto,q_auto:eco,d_notfound.png/user/2933186/Capture_WxKbSTgbT.JPG"
